Workbook

Sheet حسب المشرف والنقطة
A2: توزيع الموظفين حسب المشرف ونقطة الدوام
A3: مشروع الغذاء العالمي WFP — سبتمبر 2026
A4: إجمالي سجلات الموظفين | D4: المشرفون الميدانيون | G4: نقاط الدوام الفريدة | J4: توجيهات النقاط حسب المشرف
A5: =COUNTA('قاعدة البيانات'!C4:C171) -> 145 | D5: 4 | G5: 28 | J5: 33
A7: ملخص توزيع الفرق | K7: طريقة العرض يظهر كل مشرف في قسم مستقل، وتحته نقاط الدوام بالترتيب، ثم الجدول الكامل لموظفي كل نقطة. تبقى ورقة قاعدة البيانات المصدر الأساسي للبحث والفلترة.
A8: المشرف | B8: الموظفون | C8: النقاط | D8: وقائي | E8: علاجي | F8: أمن | G8: موظف/ة | H8: متطوع/ة | I8: النطاقات | J8: وصف وظيفي
A9: أمل عوض | B9: 4 | C9: 0 | D9: 0 | E9: 0 | F9: 0 | G9: 0 | H9: 0 | I9: إدارة عليا (كامل المشروع) | J9: أعلى سلطة إدارية في المشروع - تدير المشرفين الميدانيين
A10: أشرف الصليبي | B10: 35 | C10: 8 | D10: 35 | E10: 0 | F10: 8 | G10: 19 | H10: 8 | I10: الوسطى، خانيونس | J10: مشرف/ة ميداني على 8 نقاط في برنامج BSFP + Cash
A11: براء الاسطل | B11: 40 | C11: 8 | D11: 39 | E11: 1 | F11: 8 | G11: 23 | H11: 9 | I11: الوسطى، غزة | J11: مشرف/ة ميداني على 8 نقاط في برنامج BSFP + Cash
A12: هادي الأحول | B12: 28 | C12: 9 | D12: 9 | E12: 19 | F12: 8 | G12: 12 | H12: 8 | I12: الوسطى، خانيونس، غزة | J12: مشرف/ة ميداني على 2 نقطة في برنامج BSFP + مشرف على 8 نقاط في برنامج TSFP
A13: ياسمين النجيلي | B13: 37 | C13: 8 | D13: 37 | E13: 0 | F13: 7 | G13: 22 | H13: 8 | I13: خانيونس | J13: مشرف/ة ميداني على 8 نقاط في برنامج BSFP + Cash
A16: التفاصيل الكاملة حسب المشرف والنقطة
A18: 01 — إداري
A19: الموظفون: 4 | D19: النقاط: 1 | G19: الأقسام: إداري: 4 | J19: المناطق: إداري
A21: نقطة 01 | C21: إداري | G21: الموظفون: 4 | I21: المنطقة: إداري | K21: النطاق: إداري
A22: # | B22: رقم الهوية | C22: الاسم الرباعي | D22: رقم الجوال | E22: القسم | F22: الفئة الوظيفية | G22: المشرف المباشر | H22: مشرف النقطة | I22: نقطة الدوام | J22: النطاق الجغرافي | K22: منطقة النقطة | L22: عدد موظفي النقطة | M22: حالة البيانات
A23: ='قاعدة البيانات'!A4 -> 1 | B23: ='قاعدة البيانات'!B4 -> 949827901 | C23: ='قاعدة البيانات'!C4 -> أمل سمير اسماعيل عوض | D23: ='قاعدة البيانات'!D4 -> 599481714 | E23: ='قاعدة البيانات'!E4 -> إدارة عليا | F23: ='قاعدة البيانات'!F4 -> منسق/ة | G23: ='قاعدة البيانات'!G4 -> مديرة المشاريع | H23: ='قاعدة البيانات'!H4 -> إداري | ... M23: ='قاعدة البيانات'!M4 -> سليم
A24: ='قاعدة البيانات'!A5 -> 2 | B24: ='قاعدة البيانات'!B5 -> 402938682 | C24: ='قاعدة البيانات'!C5 -> أشرف أسامة دياب الصليبي | D24: ='قاعدة البيانات'!D5 -> 598466903 | E24: ='قاعدة البيانات'!E5 -> إداري ميداني | F24: ='قاعدة البيانات'!F5 -> مشرف/ة | G24: ='قاعدة البيانات'!G5 -> إداري | H24: ='قاعدة البيانات'!H5 -> إداري | ... M24: ='قاعدة البيانات'!M5 -> سليم
A25: ='قاعدة البيانات'!A6 -> 3 | B25: ='قاعدة البيانات'!B6 -> 403703689 | C25: ='قاعدة البيانات'!C6 -> براء محمد قاسم الاسطل | D25: ='قاعدة البيانات'!D6 -> 0592238075 | E25: ='قاعدة البيانات'!E6 -> إداري ميداني | F25: ='قاعدة البيانات'!F6 -> مشرف/ة | G25: ='قاعدة البيانات'!G6 -> إداري | H25: ='قاعدة البيانات'!H6 -> إداري | ... M25: ='قاعدة البيانات'!M6 -> سليم
A26: ='قاعدة البيانات'!A7 -> 4 | B26: ='قاعدة البيانات'!B7 -> 411100480 | C26: ='قاعدة البيانات'!C7 -> هادي عيسى سعيد الأحول | D26: ='قاعدة البيانات'!D7 -> 597828787 | E26: ='قاعدة البيانات'!E7 -> إداري ميداني | F26: ='قاعدة البيانات'!F7 -> مشرف/ة | G26: ='قاعدة البيانات'!G7 -> إداري | H26: ='قاعدة البيانات'!H7 -> إداري | ... M26: ='قاعدة البيانات'!M7 -> سليم
A27: ='قاعدة البيانات'!A8 -> 5 | B27: ='قاعدة البيانات'!B8 -> 402963664 | C27: ='قاعدة البيانات'!C8 -> ياسمين مجدي محمد النجيلي | D27: ='قاعدة البيانات'!D8 -> 597233284 | E27: ='قاعدة البيانات'!E8 -> إداري ميداني | F27: ='قاعدة البيانات'!F8 -> مشرف/ة | G27: ='قاعدة البيانات'!G8 -> إداري | H27: ='قاعدة البيانات'!H8 -> إداري | ... M27: ='قاعدة البيانات'!M8 -> سليم
A30: 02 — أشرف الصليبي
A31: الموظفون: 35 | D31: النقاط: 8 | G31: الأقسام: وقائي: 35 | J31: المناطق: النصيرات، دير البلح، القرارة، خانيونس
A33: نقطة 01 | C33: البرامج النسائية - النصيرات | G33: الموظفون: 5 | I33: المنطقة: النصيرات | K33: النطاق: الوسطى
A34: # | B34: رقم الهوية | C34: الاسم الرباعي | D34: رقم الجوال | E34: القسم | F34: الفئة الوظيفية | G34: المشرف المباشر | H34: مشرف النقطة | I34: نقطة الدوام | J34: النطاق الجغرافي | K34: منطقة النقطة | L34: عدد موظفي النقطة | M34: حالة البيانات
A35: ='قاعدة البيانات'!A9 -> 6 | B35: ='قاعدة البيانات'!B9 -> 421220104 | C35: ='قاعدة البيانات'!C9 -> أحمد حرب علي الطويل | D35: ='قاعدة البيانات'!D9 -> 592507696 | E35: ='قاعدة البيانات'!E9 -> وقائي | F35: ='قاعدة البيانات'!F9 -> أمن | G35: ='قاعدة البيانات'!G9 -> أشرف الصليبي | H35: ='قاعدة البيانات'!H9 -> أشرف الصليبي | ... M35: ='قاعدة البيانات'!M9 -> سليم
A36: ='قاعدة البيانات'!A10 -> 7 | B36: ='قاعدة البيانات'!B10 -> 407075688 | C36: ='قاعدة البيانات'!C10 -> لانا صلاح قدسي الوحيدي | D36: ='قاعدة البيانات'!D10 -> 592665365 | E36: ='قاعدة البيانات'!E10 -> وقائي | F36: ='قاعدة البيانات'!F10 -> موظف/ة | G36: ='قاعدة البيانات'!G10 -> أشرف الصليبي | H36: ='قاعدة البيانات'!H10 -> أشرف الصليبي | ... M36: ='قاعدة البيانات'!M10 -> سليم
A37: ='قاعدة البيانات'!A11 -> 8 | B37: ='قاعدة البيانات'!B11 -> 403019169 | C37: ='قاعدة البيانات'!C11 -> محمد سيد ابراهيم ابو شماله | D37: ='قاعدة البيانات'!D11 -> 597712731 | E37: ='قاعدة البيانات'!E11 -> وقائي | F37: ='قاعدة البيانات'!F11 -> موظف/ة | G37: ='قاعدة البيانات'!G11 -> أشرف الصليبي | H37: ='قاعدة البيانات'!H11 -> أشرف الصليبي | ... M37: ='قاعدة البيانات'!M11 -> سليم
A38: ='قاعدة البيانات'!A12 -> 9 | B38: ='قاعدة البيانات'!B12 -> 400179628 | C38: ='قاعدة البيانات'!C12 -> ياسر جهاد يونس أبو خاطر | D38: ='قاعدة البيانات'!D12 -> 595176949 | E38: ='قاعدة البيانات'!E12 -> وقائي | F38: ='قاعدة البيانات'!F12 -> موظف/ة | G38: ='قاعدة البيانات'!G12 -> أشرف الصليبي | H38: ='قاعدة البيانات'!H12 -> أشرف الصليبي | ... M38: ='قاعدة البيانات'!M12 -> سليم
A39: ='قاعدة البيانات'!A13 -> 10 | B39: ='قاعدة البيانات'!B13 -> 420530016 | C39: ='قاعدة البيانات'!C13 -> رهف أحمد محمد الصالحي | D39: ='قاعدة البيانات'!D13 -> 567160712 | E39: ='قاعدة البيانات'!E13 -> وقائي | F39: ='قاعدة البيانات'!F13 -> متطوع/ة | G39: ='قاعدة البيانات'!G13 -> أشرف الصليبي | H39: ='قاعدة البيانات'!H13 -> أشرف الصليبي | ... M39: ='قاعدة البيانات'!M13 -> سليم
A41: نقطة 02 | C41: الحكر | G41: الموظفون: 4 | I41: المنطقة: دير البلح | K41: النطاق: الوسطى
A42: # | B42: رقم الهوية | C42: الاسم الرباعي | D42: رقم الجوال | E42: القسم | F42: الفئة الوظيفية | G42: المشرف المباشر | H42: مشرف النقطة | I42: نقطة الدوام | J42: النطاق الجغرافي | K42: منطقة النقطة | L42: عدد موظفي النقطة | M42: حالة البيانات
A43: ='قاعدة البيانات'!A14 -> 11 | B43: ='قاعدة البيانات'!B14 -> 403688468 | C43: ='قاعدة البيانات'!C14 -> احمد سامي سلامه العطار | D43: ='قاعدة البيانات'!D14 -> 592087997 | E43: ='قاعدة البيانات'!E14 -> وقائي | F43: ='قاعدة البيانات'!F14 -> متطوع/ة | G43: ='قاعدة البيانات'!G14 -> أشرف الصليبي | H43: ='قاعدة البيانات'!H14 -> أشرف الصليبي | ... M43: ='قاعدة البيانات'!M14 -> سليم
A44: ='قاعدة البيانات'!A15 -> 12 | B44: ='قاعدة البيانات'!B15 -> 407685163 | C44: ='قاعدة البيانات'!C15 -> اسلام سامي سلامة العطار | D44: ='قاعدة البيانات'!D15 -> 595782889 | E44: ='قاعدة البيانات'!E15 -> وقائي | F44: ='قاعدة البيانات'!F15 -> أمن | G44: ='قاعدة البيانات'!G15 -> أشرف الصليبي | H44: ='قاعدة البيانات'!H15 -> أشرف الصليبي | ... M44: ='قاعدة البيانات'!M15 -> سليم
A45: ='قاعدة البيانات'!A16 -> 13 | B45: ='قاعدة البيانات'!B16 -> 404143521 | C45: ='قاعدة البيانات'!C16 -> فاطمة بسام علي أبو بشير | D45: ='قاعدة البيانات'!D16 -> 567092181 | E45: ='قاعدة البيانات'!E16 -> وقائي | F45: ='قاعدة البيانات'!F16 -> موظف/ة | G45: ='قاعدة البيانات'!G16 -> أشرف الصليبي | H45: ='قاعدة البيانات'!H16 -> أشرف الصليبي | ... M45: ='قاعدة البيانات'!M16 -> سليم
A46: ='قاعدة البيانات'!A17 -> 14 | B46: ='قاعدة البيانات'!B17 -> 407040807 | C46: ='قاعدة البيانات'!C17 -> نهيل حمدالله عوض حمدالله | D46: ='قاعدة البيانات'!D17 -> 595341131 | E46: ='قاعدة البيانات'!E17 -> وقائي | F46: ='قاعدة البيانات'!F17 -> موظف/ة | G46: ='قاعدة البيانات'!G17 -> أشرف الصليبي | H46: ='قاعدة البيانات'!H17 -> أشرف الصليبي | ... M46: ='قاعدة البيانات'!M17 -> سليم
A48: نقطة 03 | C48: الزهور | G48: الموظفون: 4 | I48: المنطقة: دير البلح | K48: النطاق: الوسطى
A49: # | B49: رقم الهوية | C49: الاسم الرباعي | D49: رقم الجوال | E49: القسم | F49: الفئة الوظيفية | G49: المشرف المباشر | H49: مشرف النقطة | I49: نقطة الدوام | J49: النطاق الجغرافي | K49: منطقة النقطة | L49: عدد موظفي النقطة | M49: حالة البيانات
A50: ='قاعدة البيانات'!A18 -> 15 | B50: ='قاعدة البيانات'!B18 -> 404535759 | C50: ='قاعدة البيانات'!C18 -> أمل محمد سليمان شاهين | D50: ='قاعدة البيانات'!D18 -> 592247341 | E50: ='قاعدة البيانات'!E18 -> وقائي | F50: ='قاعدة البيانات'!F18 -> موظف/ة | G50: ='قاعدة البيانات'!G18 -> أشرف الصليبي | H50: ='قاعدة البيانات'!H18 -> أشرف الصليبي | ... M50: ='قاعدة البيانات'!M18 -> سليم
A51: ='قاعدة البيانات'!A19 -> 16 | B51: ='قاعدة البيانات'!B19 -> 409757309 | C51: ='قاعدة البيانات'!C19 -> سليمان زياد خماش | D51: ='قاعدة البيانات'!D19 -> 595268256 | E51: ='قاعدة البيانات'!E19 -> وقائي | F51: ='قاعدة البيانات'!F19 -> أمن | G51: ='قاعدة البيانات'!G19 -> أشرف الصليبي | H51: ='قاعدة البيانات'!H19 -> أشرف الصليبي | ... M51: ='قاعدة البيانات'!M19 -> سليم
A52: ='قاعدة البيانات'!A20 -> 17 | B52: ='قاعدة البيانات'!B20 -> 404268351 | C52: ='قاعدة البيانات'!C20 -> محمد نعيم خليل القمع | D52: ='قاعدة البيانات'!D20 -> 598636319 | E52: ='قاعدة البيانات'!E20 -> وقائي | F52: ='قاعدة البيانات'!F20 -> متطوع/ة | G52: ='قاعدة البيانات'!G20 -> أشرف الصليبي | H52: ='قاعدة البيانات'!H20 -> أشرف الصليبي | ... M52: ='قاعدة البيانات'!M20 -> سليم
A53: ='قاعدة البيانات'!A21 -> 18 | B53: ='قاعدة البيانات'!B21 -> 407997428 | C53: ='قاعدة البيانات'!C21 -> هند زياد عبدربه أبو الجديان | D53: ='قاعدة البيانات'!D21 -> 597667245 | E53: ='قاعدة البيانات'!E21 -> وقائي | F53: ='قاعدة البيانات'!F21 -> موظف/ة | G53: ='قاعدة البيانات'!G21 -> أشرف الصليبي | H53: ='قاعدة البيانات'!H21 -> أشرف الصليبي | ... M53: ='قاعدة البيانات'!M21 -> سليم
A55: نقطة 04 | C55: العبادلة | G55: الموظفون: 4 | I55: المنطقة: القرارة | K55: النطاق: خانيونس
A56: # | B56: رقم الهوية | C56: الاسم الرباعي | D56: رقم الجوال | E56: القسم | F56: الفئة الوظيفية | G56: المشرف المباشر | H56: مشرف النقطة | I56: نقطة الدوام | J56: النطاق الجغرافي | K56: منطقة النقطة | L56: عدد موظفي النقطة | M56: حالة البيانات
A57: ='قاعدة البيانات'!A22 -> 19 | B57: ='قاعدة البيانات'!B22 -> 801563933 | C57: ='قاعدة البيانات'!C22 -> أسماء سليمان احمد ابو مصطفى | D57: ='قاعدة البيانات'!D22 -> 599167068 | E57: ='قاعدة البيانات'!E22 -> وقائي | F57: ='قاعدة البيانات'!F22 -> متطوع/ة | G57: ='قاعدة البيانات'!G22 -> أشرف الصليبي | H57: ='قاعدة البيانات'!H22 -> أشرف الصليبي | ... M57: ='قاعدة البيانات'!M22 -> سليم
A58: ='قاعدة البيانات'!A23 -> 20 | B58: ='قاعدة البيانات'!B23 -> 405931551 | C58: ='قاعدة البيانات'!C23 -> اماني احمد أبوزيد المجايدة | D58: ='قاعدة البيانات'!D23 -> 592316732 | E58: ='قاعدة البيانات'!E23 -> وقائي | F58: ='قاعدة البيانات'!F23 -> موظف/ة | G58: ='قاعدة البيانات'!G23 -> أشرف الصليبي | H58: ='قاعدة البيانات'!H23 -> أشرف الصليبي | ... M58: ='قاعدة البيانات'!M23 -> سليم
A59: ='قاعدة البيانات'!A24 -> 21 | B59: ='قاعدة البيانات'!B24 -> 931507057 | C59: ='قاعدة البيانات'!C24 -> فادي محمدعبدالمنعم صدقي العبادلة | D59: ='قاعدة البيانات'!D24 -> 594102000 | E59: ='قاعدة البيانات'!E24 -> وقائي | F59: ='قاعدة البيانات'!F24 -> أمن | G59: ='قاعدة البيانات'!G24 -> أشرف الصليبي | H59: ='قاعدة البيانات'!H24 -> أشرف الصليبي | ... M59: ='قاعدة البيانات'!M24 -> سليم
A60: ='قاعدة البيانات'!A25 -> 22 | B60: ='قاعدة البيانات'!B25 -> 411971153 | C60: ='قاعدة البيانات'!C25 -> ندى فتحي حسن المغير | D60: ='قاعدة البيانات'!D25 -> 0592091398 | E60: ='قاعدة البيانات'!E25 -> وقائي | F60: ='قاعدة البيانات'!F25 -> موظف/ة | G60: ='قاعدة البيانات'!G25 -> أشرف الصليبي | H60: ='قاعدة البيانات'!H25 -> أشرف الصليبي | ... M60: ='قاعدة البيانات'!M25 -> سليم
A62: نقطة 05 | C62: المحطة | G62: الموظفون: 5 | I62: المنطقة: دير البلح | K62: النطاق: الوسطى
A63: # | B63: رقم الهوية | C63: الاسم الرباعي | D63: رقم الجوال | E63: القسم | F63: الفئة الوظيفية | G63: المشرف المباشر | H63: مشرف النقطة | I63: نقطة الدوام | J63: النطاق الجغرافي | K63: منطقة النقطة | L63: عدد موظفي النقطة | M63: حالة البيانات
A64: ='قاعدة البيانات'!A26 -> 23 | B64: ='قاعدة البيانات'!B26 -> 406101170 | C64: ='قاعدة البيانات'!C26 -> أمنية بسام علي أبو بشير | D64: ='قاعدة البيانات'!D26 -> 595671637 | E64: ='قاعدة البيانات'!E26 -> وقائي | F64: ='قاعدة البيانات'!F26 -> موظف/ة | G64: ='قاعدة البيانات'!G26 -> أشرف الصليبي | H64: ='قاعدة البيانات'!H26 -> أشرف الصليبي | ... M64: ='قاعدة البيانات'!M26 -> سليم
A65: ='قاعدة البيانات'!A27 -> 24 | B65: ='قاعدة البيانات'!B27 -> 408385656 | C65: ='قاعدة البيانات'!C27 -> مؤمن عطيه سلمان ابو بليمه | D65: ='قاعدة البيانات'!D27 -> 592724250 | E65: ='قاعدة البيانات'!E27 -> وقائي | F65: ='قاعدة البيانات'!F27 -> أمن | G65: ='قاعدة البيانات'!G27 -> أشرف الصليبي | H65: ='قاعدة البيانات'!H27 -> أشرف الصليبي | ... M65: ='قاعدة البيانات'!M27 -> سليم
A66: ='قاعدة البيانات'!A28 -> 25 | B66: ='قاعدة البيانات'!B28 -> 405154766 | C66: ='قاعدة البيانات'!C28 -> مرام عبدالله توفيق الخالدي | D66: ='قاعدة البيانات'!D28 -> 597447393 | E66: ='قاعدة البيانات'!E28 -> وقائي | F66: ='قاعدة البيانات'!F28 -> موظف/ة | G66: ='قاعدة البيانات'!G28 -> أشرف الصليبي | H66: ='قاعدة البيانات'!H28 -> أشرف الصليبي | ... M66: ='قاعدة البيانات'!M28 -> سليم
A67: ='قاعدة البيانات'!A29 -> 26 | B67: ='قاعدة البيانات'!B29 -> 408098929 | C67: ='قاعدة البيانات'!C29 -> مهند هاني محمد ضاهر | D67: ='قاعدة البيانات'!D29 -> 595417166 | E67: ='قاعدة البيانات'!E29 -> وقائي | F67: ='قاعدة البيانات'!F29 -> متطوع/ة | G67: ='قاعدة البيانات'!G29 -> أشرف الصليبي | H67: ='قاعدة البيانات'!H29 -> أشرف الصليبي | ... M67: ='قاعدة البيانات'!M29 -> سليم
A68: ='قاعدة البيانات'!A30 -> 27 | B68: ='قاعدة البيانات'!B30 -> 802707299 | C68: ='قاعدة البيانات'!C30 -> يوسف اسماعيل احمد المعني | D68: ='قاعدة البيانات'!D30 -> 595617424 | E68: ='قاعدة البيانات'!E30 -> وقائي | F68: ='قاعدة البيانات'!F30 -> موظف/ة | G68: ='قاعدة البيانات'!G30 -> أشرف الصليبي | H68: ='قاعدة البيانات'!H30 -> أشرف الصليبي | ... M68: ='قاعدة البيانات'!M30 -> سليم
A70: نقطة 06 | C70: النبراس | G70: الموظفون: 4 | I70: المنطقة: القرارة | K70: النطاق: خانيونس
A71: # | B71: رقم الهوية | C71: الاسم الرباعي | D71: رقم الجوال | E71: القسم | F71: الفئة الوظيفية | G71: المشرف المباشر | H71: مشرف النقطة | I71: نقطة الدوام | J71: النطاق الجغرافي | K71: منطقة النقطة | L71: عدد موظفي النقطة | M71: حالة البيانات
A72: ='قاعدة البيانات'!A31 -> 28 | B72: ='قاعدة البيانات'!B31 -> 801810177 | C72: ='قاعدة البيانات'!C31 -> أحمد خالد رمضان البهتيمي | D72: ='قاعدة البيانات'!D31 -> 599159193 | E72: ='قاعدة البيانات'!E31 -> وقائي | F72: ='قاعدة البيانات'!F31 -> أمن | G72: ='قاعدة البيانات'!G31 -> أشرف الصليبي | H72: ='قاعدة البيانات'!H31 -> أشرف الصليبي | ... M72: ='قاعدة البيانات'!M31 -> سليم
A73: ='قاعدة البيانات'!A32 -> 29 | B73: ='قاعدة البيانات'!B32 -> 407697523 | C73: ='قاعدة البيانات'!C32 -> لينا بسام محمود سالم ديب | D73: ='قاعدة البيانات'!D32 -> 595151300 | E73: ='قاعدة البيانات'!E32 -> وقائي | F73: ='قاعدة البيانات'!F32 -> متطوع/ة | G73: ='قاعدة البيانات'!G32 -> أشرف الصليبي | H73: ='قاعدة البيانات'!H32 -> أشرف الصليبي | ... M73: ='قاعدة البيانات'!M32 -> سليم
A74: ='قاعدة البيانات'!A33 -> 30 | B74: ='قاعدة البيانات'!B33 -> 801273327 | C74: ='قاعدة البيانات'!C33 -> هالة اسماعيل محمد شراب | D74: ='قاعدة البيانات'!D33 -> 599686491 | E74: ='قاعدة البيانات'!E33 -> وقائي | F74: ='قاعدة البيانات'!F33 -> موظف/ة | G74: ='قاعدة البيانات'!G33 -> أشرف الصليبي | H74: ='قاعدة البيانات'!H33 -> أشرف الصليبي | ... M74: ='قاعدة البيانات'!M33 -> سليم
A75: ='قاعدة البيانات'!A34 -> 31 | B75: ='قاعدة البيانات'!B34 -> 803108091 | C75: ='قاعدة البيانات'!C34 -> هبه منير عبداللطيف المعمر | D75: ='قاعدة البيانات'!D34 -> 598269280 | E75: ='قاعدة البيانات'!E34 -> وقائي | F75: ='قاعدة البيانات'!F34 -> موظف/ة | G75: ='قاعدة البيانات'!G34 -> أشرف الصليبي | H75: ='قاعدة البيانات'!H34 -> أشرف الصليبي | ... M75: ='قاعدة البيانات'!M34 -> سليم
A77: نقطة 07 | C77: حنين | G77: الموظفون: 5 | I77: المنطقة: القرارة، خانيونس | K77: النطاق: خانيونس، الوسطى
A78: # | B78: رقم الهوية | C78: الاسم الرباعي | D78: رقم الجوال | E78: القسم | F78: الفئة الوظيفية | G78: المشرف المباشر | H78: مشرف النقطة | I78: نقطة الدوام | J78: النطاق الجغرافي | K78: منطقة النقطة | L78: عدد موظفي النقطة | M78: حالة البيانات
A79: ='قاعدة البيانات'!A35 -> 32 | B79: ='قاعدة البيانات'!B35 -> 405131574 | C79: ='قاعدة البيانات'!C35 -> أسيل أسامه خليل أبوسعدة | D79: ='قاعدة البيانات'!D35 -> 598043773 | E79: ='قاعدة البيانات'!E35 -> وقائي | F79: ='قاعدة البيانات'!F35 -> موظف/ة | G79: ='قاعدة البيانات'!G35 -> أشرف الصليبي | H79: ='قاعدة البيانات'!H35 -> أشرف الصليبي | ... M79: ='قاعدة البيانات'!M35 -> سليم
A80: ='قاعدة البيانات'!A36 -> 33 | B80: ='قاعدة البيانات'!B36 -> 903515831 | C80: ='قاعدة البيانات'!C36 -> محمد جميل مصطفى الأسطل | D80: ='قاعدة البيانات'!D36 -> 599355017 | E80: ='قاعدة البيانات'!E36 -> وقائي | F80: ='قاعدة البيانات'!F36 -> أمن | G80: ='قاعدة البيانات'!G36 -> أشرف الصليبي | H80: ='قاعدة البيانات'!H36 -> أشرف الصليبي | ... M80: ='قاعدة البيانات'!M36 -> سليم
A81: ='قاعدة البيانات'!A37 -> 34 | B81: ='قاعدة البيانات'!B37 -> 400266433 | C81: ='قاعدة البيانات'!C37 -> نجاة عبدالعاطي سالم بركة | D81: ='قاعدة البيانات'!D37 -> 597923987 | E81: ='قاعدة البيانات'!E37 -> وقائي | F81: ='قاعدة البيانات'!F37 -> موظف/ة | G81: ='قاعدة البيانات'!G37 -> أشرف الصليبي | H81: ='قاعدة البيانات'!H37 -> أشرف الصليبي | ... M81: ='قاعدة البيانات'!M37 -> سليم
A82: ='قاعدة البيانات'!A38 -> 35 | B82: ='قاعدة البيانات'!B38 -> 802881151 | C82: ='قاعدة البيانات'!C38 -> نور سمير شكري حضر | D82: ='قاعدة البيانات'!D38 -> 599309536 | E82: ='قاعدة البيانات'!E38 -> وقائي | F82: ='قاعدة البيانات'!F38 -> متطوع/ة | G82: ='قاعدة البيانات'!G38 -> أشرف الصليبي | H82: ='قاعدة البيانات'!H38 -> أشرف الصليبي | ... M82: ='قاعدة البيانات'!M38 -> سليم
A83: ='قاعدة البيانات'!A39 -> 36 | B83: ='قاعدة البيانات'!B39 -> 405138363 | C83: ='قاعدة البيانات'!C39 -> جيهان رامي موسى أبو خاطر | D83: ='قاعدة البيانات'!D39 -> 592389161 | E83: ='قاعدة البيانات'!E39 -> وقائي | F83: ='قاعدة البيانات'!F39 -> موظف/ة | G83: ='قاعدة البيانات'!G39 -> أشرف الصليبي | H83: ='قاعدة البيانات'!H39 -> أشرف الصليبي | ... M83: ='قاعدة البيانات'!M39 -> سليم
A85: نقطة 08 | C85: صفا - النصيرات | G85: الموظفون: 4 | I85: المنطقة: النصيرات، خانيونس | K85: النطاق: الوسطى، خانيونس
A86: # | B86: رقم الهوية | C86: الاسم الرباعي | D86: رقم الجوال | E86: القسم | F86: الفئة الوظيفية | G86: المشرف المباشر | H86: مشرف النقطة | I86: نقطة الدوام | J86: النطاق الجغرافي | K86: منطقة النقطة | L86: عدد موظفي النقطة | M86: حالة البيانات
A87: ='قاعدة البيانات'!A40 -> 37 | B87: ='قاعدة البيانات'!B40 -> 803512144 | C87: ='قاعدة البيانات'!C40 -> أنس عبد المالك عبد المؤمن غانم | D87: ='قاعدة البيانات'!D40 -> 597093982 | E87: ='قاعدة البيانات'!E40 -> وقائي | F87: ='قاعدة البيانات'!F40 -> موظف/ة | G87: ='قاعدة البيانات'!G40 -> أشرف الصليبي | H87: ='قاعدة البيانات'!H40 -> أشرف الصليبي | ... M87: ='قاعدة البيانات'!M40 -> سليم
A88: ='قاعدة البيانات'!A41 -> 38 | B88: ='قاعدة البيانات'!B41 -> 403685738 | C88: ='قاعدة البيانات'!C41 -> ايمان خالد خليل عوض | D88: ='قاعدة البيانات'!D41 -> 592057266 | E88: ='قاعدة البيانات'!E41 -> وقائي | F88: ='قاعدة البيانات'!F41 -> موظف/ة | G88: ='قاعدة البيانات'!G41 -> أشرف الصليبي | H88: ='قاعدة البيانات'!H41 -> أشرف الصليبي | ... M88: ='قاعدة البيانات'!M41 -> سليم
A89: ='قاعدة البيانات'!A42 -> 39 | B89: ='قاعدة البيانات'!B42 -> 800510091 | C89: ='قاعدة البيانات'!C42 -> سامر سمير محمد ابو عريبان | D89: ='قاعدة البيانات'!D42 -> 597081200 | E89: ='قاعدة البيانات'!E42 -> وقائي | F89: ='قاعدة البيانات'!F42 -> أمن | G89: ='قاعدة البيانات'!G42 -> أشرف الصليبي | H89: ='قاعدة البيانات'!H42 -> أشرف الصليبي | ... M89: ='قاعدة البيانات'!M42 -> سليم
A90: ='قاعدة البيانات'!A43 -> 40 | B90: ='قاعدة البيانات'!B43 -> 407706449 | C90: ='قاعدة البيانات'!C43 -> حنان اسامه اسماعيل عبدالعال | D90: ='قاعدة البيانات'!D43 -> 595223854 | E90: ='قاعدة البيانات'!E43 -> وقائي | F90: ='قاعدة البيانات'!F43 -> متطوع/ة | G90: ='قاعدة البيانات'!G43 -> أشرف الصليبي | H90: ='قاعدة البيانات'!H43 -> أشرف الصليبي | ... M90: ='قاعدة البيانات'!M43 -> سليم
A93: 03 — براء الاسطل
A94: الموظفون: 40 | D94: النقاط: 8 | G94: الأقسام: وقائي: 39، علاجي: 1 | J94: المناطق: دير البلح، غزة
A96: نقطة 01 | C96: ابو دلال | G96: الموظفون: 5 | I96: المنطقة: دير البلح | K96: النطاق: الوسطى
A97: # | B97: رقم الهوية | C97: الاسم الرباعي | D97: رقم الجوال | E97: القسم | F97: الفئة الوظيفية | G97: المشرف المباشر | H97: مشرف النقطة | I97: نقطة الدوام | J97: النطاق الجغرافي | K97: منطقة النقطة | L97: عدد موظفي النقطة | M97: حالة البيانات
A98: ='قاعدة البيانات'!A44 -> 41 | B98: ='قاعدة البيانات'!B44 -> 404193849 | C98: ='قاعدة البيانات'!C44 -> ريما عبد المجيد فضل مصلح | D98: ='قاعدة البيانات'!D44 -> 599107778 | E98: ='قاعدة البيانات'!E44 -> وقائي | F98: ='قاعدة البيانات'!F44 -> موظف/ة | G98: ='قاعدة البيانات'!G44 -> براء الاسطل | H98: ='قاعدة البيانات'!H44 -> براء الاسطل | ... M98: ='قاعدة البيانات'!M44 -> سليم
A99: ='قاعدة البيانات'!A45 -> 42 | B99: ='قاعدة البيانات'!B45 -> 944820992 | C99: ='قاعدة البيانات'!C45 -> زياد محمد حماد ابو خطاب | D99: ='قاعدة البيانات'!D45 -> 592890987 | E99: ='قاعدة البيانات'!E45 -> وقائي | F99: ='قاعدة البيانات'!F45 -> موظف/ة | G99: ='قاعدة البيانات'!G45 -> براء الاسطل | H99: ='قاعدة البيانات'!H45 -> براء الاسطل | ... M99: ='قاعدة البيانات'!M45 -> سليم
A100: ='قاعدة البيانات'!A46 -> 43 | B100: ='قاعدة البيانات'!B46 -> 404599854 | C100: ='قاعدة البيانات'!C46 -> عبدالرحمن عبدالله محمود راضي | D100: ='قاعدة البيانات'!D46 -> 595124172 | E100: ='قاعدة البيانات'!E46 -> وقائي | F100: ='قاعدة البيانات'!F46 -> متطوع/ة | G100: ='قاعدة البيانات'!G46 -> براء الاسطل | H100: ='قاعدة البيانات'!H46 -> براء الاسطل | ... M100: ='قاعدة البيانات'!M46 -> سليم
A101: ='قاعدة البيانات'!A47 -> 44 | B101: ='قاعدة البيانات'!B47 -> 408854875 | C101: ='قاعدة البيانات'!C47 -> محمد فراج محمد السواركة | D101: ='قاعدة البيانات'!D47 -> 599960444 | E101: ='قاعدة البيانات'!E47 -> وقائي | F101: ='قاعدة البيانات'!F47 -> أمن | G101: ='قاعدة البيانات'!G47 -> براء الاسطل | H101: ='قاعدة البيانات'!H47 -> براء الاسطل | ... M101: ='قاعدة البيانات'!M47 -> سليم
A102: ='قاعدة البيانات'!A48 -> 45 | B102: ='قاعدة البيانات'!B48 -> 403809171 | C102: ='قاعدة البيانات'!C48 -> ميسون كمال خليل بربخ | D102: ='قاعدة البيانات'!D48 -> 594116358 | E102: ='قاعدة البيانات'!E48 -> وقائي | F102: ='قاعدة البيانات'!F48 -> موظف/ة | G102: ='قاعدة البيانات'!G48 -> براء الاسطل | H102: ='قاعدة البيانات'!H48 -> براء الاسطل | ... M102: ='قاعدة البيانات'!M48 -> سليم
A104: نقطة 02 | C104: ابو معيلق | G104: الموظفون: 5 | I104: المنطقة: دير البلح | K104: النطاق: الوسطى
A105: # | B105: رقم الهوية | C105: الاسم الرباعي | D105: رقم الجوال | E105: القسم | F105: الفئة الوظيفية | G105: المشرف المباشر | H105: مشرف النقطة | I105: نقطة الدوام | J105: النطاق الجغرافي | K105: منطقة النقطة | L105: عدد موظفي النقطة | M105: حالة البيانات
A106: ='قاعدة البيانات'!A49 -> 46 | B106: ='قاعدة البيانات'!B49 -> 408399376 | C106: ='قاعدة البيانات'!C49 -> بيسان عادل محمد أبو هويشل | D106: ='قاعدة البيانات'!D49 -> 592424809 | E106: ='قاعدة البيانات'!E49 -> علاجي | F106: ='قاعدة البيانات'!F49 -> متطوع/ة | G106: ='قاعدة البيانات'!G49 -> براء الاسطل | H106: ='قاعدة البيانات'!H49 -> براء الاسطل | ... M106: ='قاعدة البيانات'!M49 -> سليم
A107: ='قاعدة البيانات'!A50 -> 47 | B107: ='قاعدة البيانات'!B50 -> 405848177 | C107: ='قاعدة البيانات'!C50 -> أسيل ناصر سلمان ابو سبيخة | D107: ='قاعدة البيانات'!D50 -> 598293530 | E107: ='قاعدة البيانات'!E50 -> وقائي | F107: ='قاعدة البيانات'!F50 -> موظف/ة | G107: ='قاعدة البيانات'!G50 -> براء الاسطل | H107: ='قاعدة البيانات'!H50 -> براء الاسطل | ... M107: ='قاعدة البيانات'!M50 -> سليم
A108: ='قاعدة البيانات'!A51 -> 48 | B108: ='قاعدة البيانات'!B51 -> 800372245 | C108: ='قاعدة البيانات'!C51 -> سعد ماضي سكران أبو معيلق | D108: ='قاعدة البيانات'!D51 -> 598840066 | E108: ='قاعدة البيانات'!E51 -> وقائي | F108: ='قاعدة البيانات'!F51 -> أمن | G108: ='قاعدة البيانات'!G51 -> براء الاسطل | H108: ='قاعدة البيانات'!H51 -> براء الاسطل | ... M108: ='قاعدة البيانات'!M51 -> سليم
A109: ='قاعدة البيانات'!A52 -> 49 | B109: ='قاعدة البيانات'!B52 -> 404036014 | C109: ='قاعدة البيانات'!C52 -> غادة أسامة محمد العدوي | D109: ='قاعدة البيانات'!D52 -> 592804041 | E109: ='قاعدة البيانات'!E52 -> وقائي | F109: ='قاعدة البيانات'!F52 -> موظف/ة | G109: ='قاعدة البيانات'!G52 -> براء الاسطل | H109: ='قاعدة البيانات'!H52 -> براء الاسطل | ... M109: ='قاعدة البيانات'!M52 -> سليم
A110: ='قاعدة البيانات'!A53 -> 50 | B110: ='قاعدة البيانات'!B53 -> 402960330 | C110: ='قاعدة البيانات'!C53 -> محمد سعيد ماضي أبو معيلق | D110: ='قاعدة البيانات'!D53 -> 592585851 | E110: ='قاعدة البيانات'!E53 -> وقائي | F110: ='قاعدة البيانات'!F53 -> موظف/ة | G110: ='قاعدة البيانات'!G53 -> براء الاسطل | H110: ='قاعدة البيانات'!H53 -> براء الاسطل | ... M110: ='قاعدة البيانات'!M53 -> سليم
A112: نقطة 03 | C112: المخيمات المصرية | G112: الموظفون: 5 | I112: المنطقة: غزة | K112: النطاق: غزة
A113: # | B113: رقم الهوية | C113: الاسم الرباعي | D113: رقم الجوال | E113: القسم | F113: الفئة الوظيفية | G113: المشرف المباشر | H113: مشرف النقطة | I113: نقطة الدوام | J113: النطاق الجغرافي | K113: منطقة النقطة | L113: عدد موظفي النقطة | M113: حالة البيانات
A114: ='قاعدة البيانات'!A54 -> 51 | B114: ='قاعدة البيانات'!B54 -> 407666577 | C114: ='قاعدة البيانات'!C54 -> ايه صابر احمد ابو عواد | D114: ='قاعدة البيانات'!D54 -> 599573682 | E114: ='قاعدة البيانات'!E54 -> وقائي | F114: ='قاعدة البيانات'!F54 -> متطوع/ة | G114: ='قاعدة البيانات'!G54 -> براء الاسطل | H114: ='قاعدة البيانات'!H54 -> براء الاسطل | ... M114: ='قاعدة البيانات'!M54 -> سليم
A115: ='قاعدة البيانات'!A55 -> 52 | B115: ='قاعدة البيانات'!B55 -> 405156969 | C115: ='قاعدة البيانات'!C55 -> ريهام حازم حامد ابوهاشم | D115: ='قاعدة البيانات'!D55 -> 595078920 | E115: ='قاعدة البيانات'!E55 -> وقائي | F115: ='قاعدة البيانات'!F55 -> موظف/ة | G115: ='قاعدة البيانات'!G55 -> براء الاسطل | H115: ='قاعدة البيانات'!H55 -> براء الاسطل | ... M115: ='قاعدة البيانات'!M55 -> سليم
A116: ='قاعدة البيانات'!A56 -> 53 | B116: ='قاعدة البيانات'!B56 -> 404673402 | C116: ='قاعدة البيانات'!C56 -> سمية عبد الفتاح حسين عمر | D116: ='قاعدة البيانات'!D56 -> 595386109 | E116: ='قاعدة البيانات'!E56 -> وقائي | F116: ='قاعدة البيانات'!F56 -> موظف/ة | G116: ='قاعدة البيانات'!G56 -> براء الاسطل | H116: ='قاعدة البيانات'!H56 -> براء الاسطل | ... M116: ='قاعدة البيانات'!M56 -> سليم
A117: ='قاعدة البيانات'!A57 -> 54 | B117: ='قاعدة البيانات'!B57 -> 407054881 | C117: ='قاعدة البيانات'!C57 -> محمد بسام إسماعيل الدوس | D117: ='قاعدة البيانات'!D57 -> 599687787 | E117: ='قاعدة البيانات'!E57 -> وقائي | F117: ='قاعدة البيانات'!F57 -> موظف/ة | G117: ='قاعدة البيانات'!G57 -> براء الاسطل | H117: ='قاعدة البيانات'!H57 -> براء الاسطل | ... M117: ='قاعدة البيانات'!M57 -> سليم
A118: ='قاعدة البيانات'!A58 -> 55 | B118: ='قاعدة البيانات'!B58 -> 803553593 | C118: ='قاعدة البيانات'!C58 -> مهدى مجدى حسين الجوجو | D118: ='قاعدة البيانات'!D58 -> 592131003 | E118: ='قاعدة البيانات'!E58 -> وقائي | F118: ='قاعدة البيانات'!F58 -> أمن | G118: ='قاعدة البيانات'!G58 -> براء الاسطل | H118: ='قاعدة البيانات'!H58 -> براء الاسطل | ... M118: ='قاعدة البيانات'!M58 -> سليم
A120: نقطة 04 | C120: المسحال | G120: الموظفون: 5 | I120: المنطقة: غزة | K120: النطاق: غزة
A121: # | B121: رقم الهوية | C121: الاسم الرباعي | D121: رقم الجوال | E121: القسم | F121: الفئة الوظيفية | G121: المشرف المباشر | H121: مشرف النقطة | I121: نقطة الدوام | J121: النطاق الجغرافي | K121: منطقة النقطة | L121: عدد موظفي النقطة | M121: حالة البيانات
A122: ='قاعدة البيانات'!A59 -> 56 | B122: ='قاعدة البيانات'!B59 -> 403677925 | C122: ='قاعدة البيانات'!C59 -> أحلام أسامة عبد الرحمن عبد النبي | D122: ='قاعدة البيانات'!D59 -> 567588835 | E122: ='قاعدة البيانات'!E59 -> وقائي | F122: ='قاعدة البيانات'!F59 -> موظف/ة | G122: ='قاعدة البيانات'!G59 -> براء الاسطل | H122: ='قاعدة البيانات'!H59 -> براء الاسطل | ... M122: ='قاعدة البيانات'!M59 -> سليم
...

Sheet قاعدة البيانات
A1: قاعدة بيانات الموظفين الموحدة — مشروع الغذاء العالمي WFP
A2: استخدم أسهم الفلترة في رؤوس الأعمدة للبحث حسب المشرف، النقطة، المنطقة، القسم أو الفئة الوظيفية
A3: # | B3: رقم الهوية | C3: الاسم الرباعي | D3: رقم الجوال | E3: القسم | F3: الفئة الوظيفية | G3: المشرف المباشر | H3: مشرف النقطة | I3: نقطة الدوام | J3: النطاق الجغرافي | K3: منطقة النقطة | L3: عدد موظفي النقطة | M3: حالة البيانات
A4: 1 | B4: 949827901 | C4: أمل سمير اسماعيل عوض | D4: 599481714 | E4: إدارة عليا | F4: منسق/ة | G4: مديرة المشاريع | H4: إداري | I4: إداري | J4: إداري | K4: إداري | M4: سليم
A5: 2 | B5: 402938682 | C5: أشرف أسامة دياب الصليبي | D5: 598466903 | E5: إداري ميداني | F5: مشرف/ة | G5: إداري | H5: إداري | I5: إداري | J5: إداري | K5: إداري | L5: =COUNTIF($I$4:$I$148,I5) -> 5 | M5: سليم
A6: 3 | B6: 403703689 | C6: براء محمد قاسم الاسطل | D6: 0592238075 | E6: إداري ميداني | F6: مشرف/ة | G6: إداري | H6: إداري | I6: إداري | J6: إداري | K6: إداري | L6: =COUNTIF($I$4:$I$148,I6) -> 5 | M6: سليم
A7: 4 | B7: 411100480 | C7: هادي عيسى سعيد الأحول | D7: 597828787 | E7: إداري ميداني | F7: مشرف/ة | G7: إداري | H7: إداري | I7: إداري | J7: إداري | K7: إداري | L7: =COUNTIF($I$4:$I$148,I7) -> 5 | M7: سليم
A8: 5 | B8: 402963664 | C8: ياسمين مجدي محمد النجيلي | D8: 597233284 | E8: إداري ميداني | F8: مشرف/ة | G8: إداري | H8: إداري | I8: إداري | J8: إداري | K8: إداري | L8: =COUNTIF($I$4:$I$148,I8) -> 5 | M8: سليم
A9: 6 | B9: 421220104 | C9: أحمد حرب علي الطويل | D9: 592507696 | E9: وقائي | F9: أمن | G9: أشرف الصليبي | H9: أشرف الصليبي | I9: البرامج النسائية - النصيرات | J9: الوسطى | K9: النصيرات | L9: =COUNTIF($I$4:$I$148,I9) -> 8 | M9: سليم
A10: 7 | B10: 407075688 | C10: لانا صلاح قدسي الوحيدي | D10: 592665365 | E10: وقائي | F10: موظف/ة | G10: أشرف الصليبي | H10: أشرف الصليبي | I10: البرامج النسائية - النصيرات | J10: الوسطى | K10: النصيرات | L10: =COUNTIF($I$4:$I$148,I10) -> 8 | M10: سليم
A11: 8 | B11: 403019169 | C11: محمد سيد ابراهيم ابو شماله | D11: 597712731 | E11: وقائي | F11: موظف/ة | G11: أشرف الصليبي | H11: أشرف الصليبي | I11: البرامج النسائية - النصيرات | J11: الوسطى | K11: النصيرات | L11: =COUNTIF($I$4:$I$148,I11) -> 8 | M11: سليم
A12: 9 | B12: 400179628 | C12: ياسر جهاد يونس أبو خاطر | D12: 595176949 | E12: وقائي | F12: موظف/ة | G12: أشرف الصليبي | H12: أشرف الصليبي | I12: البرامج النسائية - النصيرات | J12: الوسطى | K12: النصيرات | L12: =COUNTIF($I$4:$I$148,I12) -> 8 | M12: سليم
A13: 10 | B13: 420530016 | C13: رهف أحمد محمد الصالحي | D13: 567160712 | E13: وقائي | F13: متطوع/ة | G13: أشرف الصليبي | H13: أشرف الصليبي | I13: البرامج النسائية - النصيرات | J13: الوسطى | K13: النصيرات | L13: =COUNTIF($I$4:$I$148,I13) -> 8 | M13: سليم
A14: 11 | B14: 403688468 | C14: احمد سامي سلامه العطار | D14: 592087997 | E14: وقائي | F14: متطوع/ة | G14: أشرف الصليبي | H14: أشرف الصليبي | I14: الحكر | J14: الوسطى | K14: دير البلح | L14: =COUNTIF($I$4:$I$148,I14) -> 4 | M14: سليم
A15: 12 | B15: 407685163 | C15: اسلام سامي سلامة العطار | D15: 595782889 | E15: وقائي | F15: أمن | G15: أشرف الصليبي | H15: أشرف الصليبي | I15: الحكر | J15: الوسطى | K15: دير البلح | L15: =COUNTIF($I$4:$I$148,I15) -> 4 | M15: سليم
A16: 13 | B16: 404143521 | C16: فاطمة بسام علي أبو بشير | D16: 567092181 | E16: وقائي | F16: موظف/ة | G16: أشرف الصليبي | H16: أشرف الصليبي | I16: الحكر | J16: الوسطى | K16: دير البلح | L16: =COUNTIF($I$4:$I$148,I16) -> 4 | M16: سليم
... A37: 34 | B37: 400266433 | C37: نجاة عبدالعاطي سالم بركة | D37: 597923987 | E37: وقائي | F37: موظف/ة | G37: أشرف الصليبي | H37: أشرف الصليبي | I37: حنين | J37: خانيونس | K37: القرارة | L37: =COUNTIF($I$4:$I$148,I37) -> 5 | M37: سليم
A38: 35 | B38: 802881151 | C38: نور سمير شكري حضر | D38: 599309536 | E38: وقائي | F38: متطوع/ة | G38: أشرف الصليبي | H38: أشرف الصليبي | I38: حنين | J38: الوسطى | K38: خانيونس | L38: =COUNTIF($I$4:$I$148,I38) -> 5 | M38: سليم
A39: 36 | B39: 405138363 | C39: جيهان رامي موسى أبو خاطر | D39: 592389161 | E39: وقائي | F39: موظف/ة | G39: أشرف الصليبي | H39: أشرف الصليبي | I39: حنين | J39: خانيونس | K39: خانيونس | L39: =COUNTIF($I$4:$I$148,I39) -> 5 | M39: سليم
A40: 37 | B40: 803512144 | C40: أنس عبد المالك عبد المؤمن غانم | D40: 597093982 | E40: وقائي | F40: موظف/ة | G40: أشرف الصليبي | H40: أشرف الصليبي | I40: صفا - النصيرات | J40: الوسطى | K40: النصيرات | L40: =COUNTIF($I$4:$I$148,I40) -> 4 | M40: سليم
A41: 38 | B41: 403685738 | C41: ايمان خالد خليل عوض | D41: 592057266 | E41: وقائي | F41: موظف/ة | G41: أشرف الصليبي | H41: أشرف الصليبي | I41: صفا - النصيرات | J41: الوسطى | K41: النصيرات | L41: =COUNTIF($I$4:$I$148,I41) -> 4 | M41: سليم
A42: 39 | B42: 800510091 | C42: سامر سمير محمد ابو عريبان | D42: 597081200 | E42: وقائي | F42: أمن | G42: أشرف الصليبي | H42: أشرف الصليبي | I42: صفا - النصيرات | J42: الوسطى | K42: النصيرات | L42: =COUNTIF($I$4:$I$148,I42) -> 4 | M42: سليم
A43: 40 | B43: 407706449 | C43: حنان اسامه اسماعيل عبدالعال | D43: 595223854 | E43: وقائي | F43: متطوع/ة | G43: أشرف الصليبي | H43: أشرف الصليبي | I43: صفا - النصيرات | J43: خانيونس | K43: خانيونس | L43: =COUNTIF($I$4:$I$148,I43) -> 4 | M43: سليم
A44: 41 | B44: 404193849 | C44: ريما عبد المجيد فضل مصلح | D44: 599107778 | E44: وقائي | F44: موظف/ة | G44: براء الاسطل | H44: براء الاسطل | I44: ابو دلال | J44: الوسطى | K44: دير البلح | L44: =COUNTIF($I$4:$I$148,I44) -> 5 | M44: سليم
A45: 42 | B45: 944820992 | C45: زياد محمد حماد ابو خطاب | D45: 592890987 | E45: وقائي | F45: موظف/ة | G45: براء الاسطل | H45: براء الاسطل | I45: ابو دلال | J45: الوسطى | K45: دير البلح | L45: =COUNTIF($I$4:$I$148,I45) -> 5 | M45: سليم
A46: 43 | B46: 404599854 | C46: عبدالرحمن عبدالله محمود راضي | D46: 595124172 | E46: وقائي | F46: متطوع/ة | G46: براء الاسطل | H46: براء الاسطل | I46: ابو دلال | J46: الوسطى | K46: دير البلح | L46: =COUNTIF($I$4:$I$148,I46) -> 5 | M46: سليم
A47: 44 | B47: 408854875 | C47: محمد فراج محمد السواركة | D47: 599960444 | E47: وقائي | F47: أمن | G47: براء الاسطل | H47: براء الاسطل | I47: ابو دلال | J47: الوسطى | K47: دير البلح | L47: =COUNTIF($I$4:$I$148,I47) -> 5 | M47: سليم
A48: 45 | B48: 403809171 | C48: ميسون كمال خليل بربخ | D48: 594116358 | E48: وقائي | F48: موظف/ة | G48: براء الاسطل | H48: براء الاسطل | I48: ابو دلال | J48: الوسطى | K48: دير البلح | L48: =COUNTIF($I$4:$I$148,I48) -> 5 | M48: سليم
A49: 46 | B49: 408399376 | C49: بيسان عادل محمد أبو هويشل | D49: 592424809 | E49: علاجي | F49: متطوع/ة | G49: براء الاسطل | H49: براء الاسطل | I49: ابو معيلق | J49: الوسطى | K49: دير البلح | L49: =COUNTIF($I$4:$I$148,I49) -> 5 | M49: سليم
A50: 47 | B50: 405848177 | C50: أسيل ناصر سلمان ابو سبيخة | D50: 598293530 | E50: وقائي | F50: موظف/ة | G50: براء الاسطل | H50: براء الاسطل | I50: ابو معيلق | J50: الوسطى | K50: دير البلح | L50: =COUNTIF($I$4:$I$148,I50) -> 5 | M50: سليم
... A148: 145 | B148: 400159919 | C148: نور الهدى زياد مطلق الداهودي | D148: 597779816 | E148: وقائي | F148: موظف/ة | G148: ياسمين النجيلي | H148: ياسمين النجيلي | I148: أرض الطيبة | J148: خانيونس | K148: خانيونس | L148: =COUNTIF($I$4:$I$148,I148) -> 4 | M148: سليم
